Ship Mode,Total Shipments,Average Lead Time,Total Sales,Total Profit
First Class,1548,1338.2758397932816,21319.39,14011.09
Same Day,547,1333.4424131627056,7113.67,4700.73
Second Class,1979,1323.845376452754,27860.22,18306.52
Standard Class,6120,1314.3346405228758,85490.35,56424.46
